titulo,autores,generos,serie,sinopsis,url_libro,categoria_origen,fecha_extraccion
,Verónica Cervilla,"Drama, Histórico, Novela",,,https://ww3.lectulandia.co/book/cuando-callan-las-montanas/,Drama,2026-09-15
,Martín Casariego,"Drama, Novela",,,https://ww3.lectulandia.co/book/como-los-pajaros-aman-el-aire/,Drama,2026-09-15
,Màrius Serra,"Drama, Novela",,,https://ww3.lectulandia.co/book/el-mal-entendido/,Drama,2026-09-15
,Nicholas Monsarrat,"Drama, Novela",,,https://ww3.lectulandia.co/book/la-doncella-de-oro/,Drama,2026-09-15
,Florence Knapp,"Drama, Novela",,,https://ww3.lectulandia.co/book/los-nombres-florence-knapp/,Drama,2026-09-15
,Clara Fuertes,"Drama, Histórico, Novela, Realista",,,https://ww3.lectulandia.co/book/mi-querida-irene/,Drama,2026-09-15
,András László,"Drama, Novela",,,https://ww3.lectulandia.co/book/donde-los-vientos-duermen/,Drama,2026-09-15
,Eduardo Verdú,"Drama, Intriga, Novela",,,https://ww3.lectulandia.co/book/la-nieve-invisible/,Drama,2026-09-15
,David Storey,"Drama, Novela, Realista",,,https://ww3.lectulandia.co/book/el-ingenuo-salvaje/,Drama,2026-09-15
,Maeve Binchy,"Drama, Novela, Romántico",,,https://ww3.lectulandia.co/book/el-lago-de-cristal/,Drama,2026-09-15
,León Tolstói,"Drama, Novela",,,https://ww3.lectulandia.co/book/la-muerte-de-ivan-ilich-trad-j-fernandez-valdes/,Drama,2026-09-15
,Jesús Moncada,"Drama, Novela",,,https://ww3.lectulandia.co/book/memoria-estremecida/,Drama,2026-09-15
,Anne Hébert,"Drama, Novela",,,https://ww3.lectulandia.co/book/kamuraska/,Drama,2026-09-15
,Alexandra Black,"Drama, Histórico, Novela, Romántico",,,https://ww3.lectulandia.co/book/una-novia-dada-por-muerta/,Drama,2026-09-15
,Ivan Sergueevich Turguenev,"Drama, Novela, Romántico",,,https://ww3.lectulandia.co/book/primer-amor-trad-natalia-dvorkina/,Drama,2026-09-15
,Máximo Huerta,"Drama, Novela, Realista",,,https://ww3.lectulandia.co/book/mama-esta-dormida/,Drama,2026-09-15
,Fiódor Mijáilovich Dostoyevski,"Drama, Novela, Psicológico, Realista",Círculo del Crimen,,https://ww3.lectulandia.co/book/crimen-y-castigo-ii/,Drama,2026-09-15
,Elena Montagud,"Drama, Novela, Romántico",,,https://ww3.lectulandia.co/book/los-recuerdos-que-fuimos/,Drama,2026-09-15
,Mayte Uceda,"Drama, Histórico, Novela",,,https://ww3.lectulandia.co/book/los-amores-paralelos/,Drama,2026-09-15
,Fiódor Mijáilovich Dostoyevski,"Drama, Novela, Psicológico, Realista",Círculo del Crimen,,https://ww3.lectulandia.co/book/crimen-y-castigo-i/,Drama,2026-09-15
,Víctor Hugo,"Drama, Novela, Romántico",,,https://ww3.lectulandia.co/book/han-de-islandia/,Drama,2026-09-15
,Henry James,"Drama, Novela",,,https://ww3.lectulandia.co/book/diario-de-un-hombre-de-cincuenta-anos/,Drama,2026-09-15
,Dorothy Whipple,"Drama, Novela",,,https://ww3.lectulandia.co/book/eran-hermanas/,Drama,2026-09-15
,Julio Ramón Ribeyro,"Drama, Juvenil, Novela, Realista, Romántico",,,https://ww3.lectulandia.co/book/cronica-de-san-gabriel/,Drama,2026-09-15
,Mónica Lavín,"Drama, Histórico, Novela",,,https://ww3.lectulandia.co/book/yo-la-peor-la-historia-de-la-mujer-que-quebranto-las-letras-de-una-epoca/,Drama,2026-09-15
,Arturo Uslar Pietri,"Drama, Otros, Realista, Relato",,,https://ww3.lectulandia.co/book/treinta-hombres-y-sus-sombras/,Drama,2026-09-15
,Banana Yoshimoto,"Drama, Relato",,,https://ww3.lectulandia.co/book/primer-amor-high-dry/,Drama,2026-09-15
,Vicki Baum,"Drama, Histórico, Novela",,,https://ww3.lectulandia.co/book/amor-y-muerte-en-bali/,Drama,2026-09-15
,Felipe de Luis Manero,"Drama, Novela",,,https://ww3.lectulandia.co/book/aprieta/,Drama,2026-09-15
,Pier Vittorio Tondelli,"Drama, Novela",,,https://ww3.lectulandia.co/book/habitaciones-separadas-pier-vittorio-tondelli/,Drama,2026-09-15
,Akwaeke Emezi,"Drama, Novela",,,https://ww3.lectulandia.co/book/la-muerte-de-vivek-oji/,Drama,2026-09-15
,Jean-Marie Gustave Le Clézio,"Drama, Novela",,,https://ww3.lectulandia.co/book/el-pez-dorado/,Drama,2026-09-15
,Fran Serrano,"Drama, Novela",,,https://ww3.lectulandia.co/book/el-corazon-revolucionario-del-mundo/,Drama,2026-09-15
,Taeko Kōno,"Drama, Erótico, Fantástico, Otros, Relato",,,https://ww3.lectulandia.co/book/caceria-de-ninos/,Drama,2026-09-15
,El Caballero Audaz,"Drama, Erótico, Novela",,,https://ww3.lectulandia.co/book/bestezuela-de-placer/,Drama,2026-09-15
,Elia Barceló,"Drama, Intriga, Psicológico, Relato",,,https://ww3.lectulandia.co/book/hacia-abajo/,Drama,2026-09-15
,Manuel Ayllón Campillo,"Biografía, Crónica, Drama, Histórico, Novela",,,https://ww3.lectulandia.co/book/granada-1936-los-cuerpos-rotos/,Drama,2026-09-15
,Chitra Banerjee Divakaruni,"Drama, Novela",,,https://ww3.lectulandia.co/book/la-reina-de-los-suenos/,Drama,2026-09-15
,Juan del Val,"Drama, Novela",,,https://ww3.lectulandia.co/book/vera-una-historia-de-amor/,Drama,2026-09-15
,Arthur Hailey,"Drama, Novela",,,https://ww3.lectulandia.co/book/altas-esferas-arthur-hailey/,Drama,2026-09-15
,Antonio Lozano,"Drama, Novela, Realista",,,https://ww3.lectulandia.co/book/las-cenizas-de-bagdad/,Drama,2026-09-15
,Olga Guirao,"Drama, Novela",,,https://ww3.lectulandia.co/book/mi-querido-sebastian/,Drama,2026-09-15
,Ángela Banzas,"Drama, Histórico, Intriga, Novela",,,https://ww3.lectulandia.co/book/cuando-el-viento-hable/,Drama,2026-09-15
,Eliza Barry Callahan,"Drama, Novela",,,https://ww3.lectulandia.co/book/la-prueba-de-audicion/,Drama,2026-09-15
,Clara Sánchez,"Drama, Novela",,,https://ww3.lectulandia.co/book/el-palacio-varado/,Drama,2026-09-15
,Clara Sánchez,"Drama, Novela",,,https://ww3.lectulandia.co/book/un-millon-de-luces/,Drama,2026-09-15
,Federico García Lorca,"Drama, Humor, Teatro",,,https://ww3.lectulandia.co/book/los-titeres-de-cachiporra/,Drama,2026-09-15
,Eduardo Sacheri,"Bélico, Drama, Novela",Guerra de las Malvinas,,https://ww3.lectulandia.co/book/que-quedara-de-nosotros/,Drama,2026-09-15
,Lionel Shriver,"Distopía, Drama, Humor, Novela",,,https://ww3.lectulandia.co/book/mania/,Drama,2026-09-15
,Carlos Sanclemente,"Drama, Novela",,,https://ww3.lectulandia.co/book/los-que-esperan-su-duelo/,Drama,2026-09-15
,Janne Teller,"Drama, Novela, Psicológico, Romántico",,,https://ww3.lectulandia.co/book/justicia-2/,Drama,2026-09-15
,Siri Hustvedt,"Drama, Novela",,,https://ww3.lectulandia.co/book/el-hechizo-de-lily-dahl/,Drama,2026-09-15
,Lide Aguirre,"Drama, Novela, Realista",,,https://ww3.lectulandia.co/book/la-vida-privada-de-piero-garza/,Drama,2026-09-15
,Mariana Salomão Carrara,"Drama, Novela",,,https://ww3.lectulandia.co/book/si-no-fuera-por-las-silabas-del-sabado/,Drama,2026-09-15
,Antonio Mercero,"Drama, Histórico, Novela",,,https://ww3.lectulandia.co/book/esta-lloviendo-y-te-quiero/,Drama,2026-09-15
,Gustave Guitton,"Drama, Novela",Los apaches de París,,https://ww3.lectulandia.co/book/los-apaches-de-paris/,Drama,2026-09-15
,Martina Hefter,"Drama, Novela",,,https://ww3.lectulandia.co/book/hey-buenos-dias-como-estas/,Drama,2026-09-15
,Kamel Daoud,"Drama, Novela, Realista",,,https://ww3.lectulandia.co/book/huries/,Drama,2026-09-15
,Franz Karl Franchy,"Drama, Novela",,,https://ww3.lectulandia.co/book/la-calle-del-incendio/,Drama,2026-09-15
,Gustave Guitton,"Drama, Novela, Policíaco",Los apaches de París,,https://ww3.lectulandia.co/book/la-escuela-del-crimen/,Drama,2026-09-15
,Paco Gómez Escribano,"Drama, Novela, Realista",,,https://ww3.lectulandia.co/book/fondo-buitre/,Drama,2026-09-15
,Jean-Nöel Orengo,"Drama, Histórico, Novela",,,https://ww3.lectulandia.co/book/el-desdichado-amor-del-fuhrer/,Drama,2026-09-15
,Karla Zárate,"Drama, Intriga, Novela",,,https://ww3.lectulandia.co/book/el-invierno-llego-sin-avisar/,Drama,2026-09-15
,Rosa Díez-Urrestarazu,"Drama, Histórico, Novela, Otros, Realista",,,https://ww3.lectulandia.co/book/cuando-brillan-las-manzanas/,Drama,2026-09-15
,Iván de Cristóbal,"Drama, Intriga, Novela",,,https://ww3.lectulandia.co/book/nos-falta-un-muerto/,Drama,2026-09-15
,Natasha Brown,"Drama, Novela",,,https://ww3.lectulandia.co/book/los-universalistas/,Drama,2026-09-15
,Empar Moliner,"Drama, Humor, Novela",,,https://ww3.lectulandia.co/book/la-colaboradora/,Drama,2026-09-15
,Mieko Kawakami,"Drama, Novela, Realista",,,https://ww3.lectulandia.co/book/los-amantes-de-la-noche/,Drama,2026-09-15
,Hiromi Kawakami,"Drama, Novela",,,https://ww3.lectulandia.co/book/de-pronto-oigo-la-voz-del-agua/,Drama,2026-09-15
,Marta Orrantia,"Drama, Novela",,,https://ww3.lectulandia.co/book/juego-de-te/,Drama,2026-09-15
,William Shakespeare,"Drama, Juvenil, Teatro",Clásicos a medida,,https://ww3.lectulandia.co/book/hamlet-ed-clasicos-a-medida/,Drama,2026-09-15
,Hua Yu,"Drama, Novela",,,https://ww3.lectulandia.co/book/la-ciudad-escondida-hua-yu/,Drama,2026-09-15
,Livia Stefani,"Drama, Novela",,,https://ww3.lectulandia.co/book/la-vina-de-uvas-negras/,Drama,2026-09-15
,Silvia Intxaurrondo,"Drama, Novela",,,https://ww3.lectulandia.co/book/solas-en-el-silencio/,Drama,2026-09-15
,Claudia Muñiz,"Drama, Novela",,,https://ww3.lectulandia.co/book/rom-com/,Drama,2026-09-15
,Grégory Cingal,"Bélico, Drama, Histórico, Novela",,,https://ww3.lectulandia.co/book/los-ultimos-de-la-lista/,Drama,2026-09-15
,Ashley Poston,"Drama, Novela, Romántico",,,https://ww3.lectulandia.co/book/a-siete-anos-de-ti/,Drama,2026-09-15
,Andrea Longarela,"Drama, Novela, Romántico",,,https://ww3.lectulandia.co/book/cuando-despierten-las-flores/,Drama,2026-09-15
,Janet Frame,"Drama, Novela, Realista",,,https://ww3.lectulandia.co/book/al-margen-del-alfabeto/,Drama,2026-09-15
,Alejandro Santa María Conill,"Drama, Novela",,,https://ww3.lectulandia.co/book/la-ciudad-de-barro/,Drama,2026-09-15
,Warren Adler,"Drama, Novela, Sátira",,,https://ww3.lectulandia.co/book/la-guerra-de-los-rose/,Drama,2026-09-15
,Severiano Fernández Nicolás,"Drama, Novela",,,https://ww3.lectulandia.co/book/las-influencias/,Drama,2026-09-15
,Iverna Codina,"Drama, Realista, Relato",,,https://ww3.lectulandia.co/book/la-enlutada/,Drama,2026-09-15
,Guillermo Alonso,"Drama, Novela",,,https://ww3.lectulandia.co/book/el-efecto-deseado/,Drama,2026-09-15
,John O’Hara,"Drama, Novela",,,https://ww3.lectulandia.co/book/la-venus-del-vison/,Drama,2026-09-15
,"Anthony Masters, Michael Hardwick","Bélico, Drama, Novela",,,https://ww3.lectulandia.co/book/tenko/,Drama,2026-09-15
,Francesca Giannone,"Drama, Novela",,,https://ww3.lectulandia.co/book/la-fragancia-del-manana/,Drama,2026-09-15
,Adam Haslett,"Drama, Novela",,,https://ww3.lectulandia.co/book/madres-e-hijos-adam-haslett/,Drama,2026-09-15
,Chiara Valerio,"Drama, Novela",,,https://ww3.lectulandia.co/book/quien-habla-y-quien-calla/,Drama,2026-09-15
,Roberto Santiago,"Drama, Intriga, Juvenil, Novela",,,https://ww3.lectulandia.co/book/el-circulo-roberto-santiago/,Drama,2026-09-15
,Montse Albets,"Drama, Novela",,,https://ww3.lectulandia.co/book/solo-tierra-solo-lluvia-solo-barro/,Drama,2026-09-15
,Joseph Conrad,"Drama, Novela",,,https://ww3.lectulandia.co/book/nostromo-trad-rafael-santervas/,Drama,2026-09-15
,Grady Hendrix,"Drama, Novela",,,https://ww3.lectulandia.co/book/brujeria-para-chicas-descarriadas/,Drama,2026-09-15
,Lucía Solla Sobral,"Drama, Novela, Psicológico",,,https://ww3.lectulandia.co/book/comeras-flores/,Drama,2026-09-15
,William Somerset Maugham,"Drama, Novela",,,https://ww3.lectulandia.co/book/cautiva-de-amor/,Drama,2026-09-15
,Pilar Quintana,"Drama, Novela",,,https://ww3.lectulandia.co/book/noche-negra/,Drama,2026-09-15
,Mónica Soldevila,"Drama, Histórico, Novela, Romántico",,,https://ww3.lectulandia.co/book/una-casa-en-manila/,Drama,2026-09-15
,Severiano Fernández Nicolás,"Drama, Novela",,,https://ww3.lectulandia.co/book/el-desahucio/,Drama,2026-09-15
,Sergiusz Piasecki,"Drama, Novela",,,https://ww3.lectulandia.co/book/el-enamorado-de-la-osa-mayor-tr-jose-farran/,Drama,2026-09-15
,Jesús Torbado,"Drama, Novela",,,https://ww3.lectulandia.co/book/moira-estuvo-aqui/,Drama,2026-09-15
,Cristina Barea,"Drama, Novela",,,https://ww3.lectulandia.co/book/miedo-de-vivirte/,Drama,2026-09-15
,Kate Quinn,"Drama, Novela",,,https://ww3.lectulandia.co/book/las-mujeres-del-club-briar/,Drama,2026-09-15
,Richard Yates,"Drama, Otros, Realista, Relato",,,https://ww3.lectulandia.co/book/once-maneras-de-sentirse-solo/,Drama,2026-09-15
,Maria Àngels Anglada,"Drama, Novela",,,https://ww3.lectulandia.co/book/los-cercados/,Drama,2026-09-15
,Rafael López de Haro,"Drama, Novela, Psicológico",,,https://ww3.lectulandia.co/book/doble-crimen/,Drama,2026-09-15
,Maria Àngels Anglada,"Drama, Novela",,,https://ww3.lectulandia.co/book/los-cercados-ed-revisada/,Drama,2026-09-15
,Carolina Casado,"Drama, Novela, Romántico",,,https://ww3.lectulandia.co/book/si-decides-volver/,Drama,2026-09-15
,Francisco Candel,"Drama, Relato",,,https://ww3.lectulandia.co/book/los-hombres-de-la-mala-uva/,Drama,2026-09-15
,Felicia Yap,"Drama, Intriga, Novela, Policíaco",,,https://ww3.lectulandia.co/book/el-juego-de-la-memoria/,Drama,2026-09-15
,Ricardo Fernández de la Reguera,"Drama, Novela",,,https://ww3.lectulandia.co/book/bienaventurados-los-que-aman/,Drama,2026-09-15
,Vicente Blasco Ibáñez,"Drama, Novela",,,https://ww3.lectulandia.co/book/la-familia-del-doctor-pedraza/,Drama,2026-09-15
,Leonardo Padura,"Drama, Histórico, Novela, Realista",Mario Conde,,https://ww3.lectulandia.co/book/morir-en-la-arena/,Drama,2026-09-15
,Frank Norris,"Drama, Novela",,,https://ww3.lectulandia.co/book/avaricia-frank-norris/,Drama,2026-09-15
,El Caballero Audaz,"Drama, Novela",,,https://ww3.lectulandia.co/book/por-su-propia-mano/,Drama,2026-09-15
,Severiano Fernández Nicolás,"Drama, Novela",,,https://ww3.lectulandia.co/book/despues-de-la-tormenta-severiano-fernandez-nicolas/,Drama,2026-09-15
,Michael Bible,"Drama, Novela",,,https://ww3.lectulandia.co/book/las-horas-antiguas/,Drama,2026-09-15
,Nayareth Pino Luna,"Drama, Novela",,,https://ww3.lectulandia.co/book/mientras-dormias-cantabas/,Drama,2026-09-15
,Paolo Cognetti,"Drama, Novela",,,https://ww3.lectulandia.co/book/en-el-valle/,Drama,2026-09-15
,Vanesa Romero,"Drama, Intriga, Novela",,,https://ww3.lectulandia.co/book/a-solas-conmigo/,Drama,2026-09-15
,Manuel Rivas,"Drama, Relato",,,https://ww3.lectulandia.co/book/que-me-queres-amor/,Drama,2026-09-15
,Maxence Van der Meersch,"Drama, Novela",La joven pobre,,https://ww3.lectulandia.co/book/la-companera/,Drama,2026-09-15
,Joyce Carol Oates,"Drama, Humor, Novela",,,https://ww3.lectulandia.co/book/a-media-luz-joyce-carol-oates/,Drama,2026-09-15
,Jonathan Coe,"Drama, Novela, Sátira",,,https://ww3.lectulandia.co/book/bournville/,Drama,2026-09-15
,Manuel Bretón de los Herreros,"Drama, Teatro",,,https://ww3.lectulandia.co/book/obras-escogidas-tomo-primero/,Drama,2026-09-15
,Elena Garro,"Drama, Novela",,,https://ww3.lectulandia.co/book/ines/,Drama,2026-09-15
,Giuseppe Maria Lo Duca,"Drama, Novela",,,https://ww3.lectulandia.co/book/la-dolce-vita/,Drama,2026-09-15
,Berenice Andrade Medina,"Drama, Humor, Novela",,,https://ww3.lectulandia.co/book/nadie-recuerda-su-propia-muerte/,Drama,2026-09-15
,Clara Fuertes,"Drama, Histórico, Novela",,,https://ww3.lectulandia.co/book/el-gran-dragon-negro/,Drama,2026-09-15
,Margarita Leoz,"Drama, Novela",,,https://ww3.lectulandia.co/book/lo-que-permanece-margarita-leoz/,Drama,2026-09-15
,Baltasar Porcel,"Aventuras, Drama, Novela",,,https://ww3.lectulandia.co/book/las-manzanas-de-oro/,Drama,2026-09-15
,Georges Bernanos,"Drama, Novela",,,https://ww3.lectulandia.co/book/nueva-historia-de-mouchette/,Drama,2026-09-15
,John Steinbeck,"Drama, Novela, Realista",,,https://ww3.lectulandia.co/book/las-uvas-de-la-ira-colec-reno/,Drama,2026-09-15
,Angélica Morales,"Drama, Intriga, Novela, Policíaco",,,https://ww3.lectulandia.co/book/estas-en-mis-ojos/,Drama,2026-09-15
,Alejandra Kamiya,"Drama, Relato, Romántico",,,https://ww3.lectulandia.co/book/el-sol-mueve-la-sombra-de-las-cosas-quietas/,Drama,2026-09-15
,Jesús Moncada,"Drama, Novela, Realista",,,https://ww3.lectulandia.co/book/camino-de-sirga/,Drama,2026-09-15
,Amélie Nothomb,"Drama, Novela",,,https://ww3.lectulandia.co/book/el-libro-de-las-hermanas/,Drama,2026-09-15
,Sash Bischoff,"Drama, Novela",,,https://ww3.lectulandia.co/book/suave-es-la-furia/,Drama,2026-09-15
,Heinz G. Konsalik,"Drama, Novela, Romántico",,,https://ww3.lectulandia.co/book/natacha/,Drama,2026-09-15
,Sergio Mira Jordán,"Drama, Novela",,,https://ww3.lectulandia.co/book/bajo-las-piedras/,Drama,2026-09-15
,Abraham Argüelles,"Drama, Novela, Realista",,,https://ww3.lectulandia.co/book/el-frio-llama-mi-nombre/,Drama,2026-09-15
,Jenny Erpenbeck,"Drama, Novela",,,https://ww3.lectulandia.co/book/kairos/,Drama,2026-09-15
,Berna González Harbour,"Drama, Novela",,,https://ww3.lectulandia.co/book/que-fue-de-los-lighthouse/,Drama,2026-09-15
,Muriel Barbery,"Drama, Novela",,,https://ww3.lectulandia.co/book/una-hora-de-fervor/,Drama,2026-09-15
,Priscilla Morris,"Bélico, Drama, Novela, Realista",,,https://ww3.lectulandia.co/book/las-mariposas-de-sarajevo/,Drama,2026-09-15
,Maica Gorgal,"Drama, Histórico, Novela, Romántico",,,https://ww3.lectulandia.co/book/la-casa-de-la-mina/,Drama,2026-09-15
,Claire Fuller,"Drama, Novela",,,https://ww3.lectulandia.co/book/nuestros-dias-seran-infinitos/,Drama,2026-09-15
,Joseph Conrad,"Aventuras, Drama, Relato",,,https://ww3.lectulandia.co/book/tifon-y-otras-historias/,Drama,2026-09-15
,Mercedes Duque Espiau,"Drama, Novela",,,https://ww3.lectulandia.co/book/animales-pequenos/,Drama,2026-09-15
,Olalla García,"Drama, Histórico, Novela",,,https://ww3.lectulandia.co/book/pecado-nefando/,Drama,2026-09-15
,Xavier Bosch,"Drama, Novela, Realista",,,https://ww3.lectulandia.co/book/diagonal-manhattan/,Drama,2026-09-15
